"BehaviorSpace results (NetLogo 7.0.2)","Spreadsheet version 2.0"
"Altruistic 11_04nlogox.nlogox"
"ODE mode"
"12/04/2025 15:10:46:973 -0500"
"min-pxcor","max-pxcor","min-pycor","max-pycor"
"-16","16","-16","16"
"[run number]","1","1","1","1","2","2","2","2","3","3","3","3"
"ode-mode","true",,,,"true",,,,"true",,,
"initial-A","50",,,,"50",,,,"50",,,
"initial-N","50",,,,"50",,,,"50",,,
"alpha","0.5",,,,"0.5",,,,"0.5",,,
"K","120",,,,"120",,,,"120",,,
"n-interaction-rate","0.1",,,,"1",,,,"2",,,
"vP","-0.5",,,,"-0.5",,,,"-0.5",,,
"vR","1",,,,"1",,,,"1",,,
"dominant-on","true",,,,"true",,,,"true",,,
"perfect-discrimination-on","true",,,,"true",,,,"true",,,
"time-step","0.05",,,,"0.05",,,,"0.05",,,
"[reporter]","[step]","A-count","N-count","A-allele-proportion","[step]","A-count","N-count","A-allele-proportion","[step]","A-count","N-count","A-allele-proportion"
"[final]","456","79.03520767271444","41.064709132552444","0.6580787878551504","477","119.83936063985935","1.1524420880482846","0.9904750399443178","477","121.94490706247942","0.022826476839264344","0.9998128482330787"
"[min]","0","50","41.064709132552444","0.5","0","50","1.1524420880482846","0.5","0","50","0.022826476839264344","0.5"
"[max]","456","79.03520767271444","59.58518640331967","0.6580787878551504","477","119.83936063985935","57.58021443134238","0.9904750399443178","477","121.94490706247942","56.19160165716161","0.9998128482330787"
"[mean]","228","70.09655034517627","49.90466278300592","0.5840632944501819","238.5","105.94757791629566","14.946713209662875","0.8760661215149202","238.5","114.1678284246704","7.69902393274253","0.9364709323865288"
"[total steps]","456","456","456","456","477","477","477","477","477","477","477","477"

"[all run data]","[step]","A-count","N-count","A-allele-proportion","[step]","A-count","N-count","A-allele-proportion","[step]","A-count","N-count","A-allele-proportion"
,"0","50","50","0.5","0","50","50","0.5","0","50","50","0.5"
,"1","54.24166666666667","54.141666666666666","0.5004613255420576","1","54.916666666666664","53.916666666666664","0.5045941807044411","1","55.666666666666664","53.666666666666664","0.5091463414634146"
,"2","56.94209093835253","56.737296793128955","0.5009007532029787","2","58.219520039277405","56.17758644220407","0.5089247606861624","2","59.631594399277326","55.560998193315264","0.5176686543567899"
,"3","58.516666228109244","58.20656872326089","0.5013283452303972","3","60.32421504009819","57.24353646822648","0.5131017159567501","3","62.308398114214704","56.19160165716161","0.5258092678010731"
,"4","59.39053883859193","58.976340348826795","0.5017496384656273","4","61.67901201979805","57.58021443134238","0.5171844045547911","4","64.17201639398237","56.06860848884799","0.5336966308725974"
,"5","59.86958437770082","59.35274236772318","0.5021675554574658","5","62.6107955701209","57.51653121607144","0.5212036032530568","5","65.57398066341898","55.54609052660355","0.5413964838291867"
,"6","60.13847172714927","59.520171746850714","0.5025835993219867","6","63.316976971074","57.24661887156183","0.5251749214059417","6","66.726552818939","54.82825544494427","0.5489421090943796"
,"7","60.29887862963205","59.5799575895436","0.5029985319459309","7","63.90570123958284","56.87477318059409","0.529106228025439","7","67.74533156091408","54.02199995128822","0.5563506296771012"
,"8","60.40417053684406","59.58518640331967","0.5034127365726813","8","64.43332827089944","56.454370854520064","0.5330015273435774","8","68.69011235093616","53.18053898568989","0.5636312893840469"
,"9","60.48167858835453","59.562999409749324","0.5038264052764576","9","64.9285049690862","56.01206121971825","0.5368629155226882","9","69.59108418454265","52.3296609153403","0.5707895250109447"
,"10","60.54522810008534","59.52710258178528","0.5042396341959813","10","65.40561702606009","55.56097996519412","0.5406915516585861","10","70.4633499347692","51.481650691260924","0.5778289357745777"
,"11","60.60176912824016","59.484374413830395","0.5046524714736064","11","65.87185094761197","55.10755459075053","0.5444881354349526","11","71.31447408343085","50.64226361527064","0.5847522279549313"
,"12","60.65478462529794","59.438256226113","0.5050649412761983","12","66.33079331472666","54.654912641085524","0.5482531410690182","12","72.1482896892171","49.81412573337733","0.5915616662660085"
,"13","60.706017324885444","59.39046703165322","0.5054770558034266","13","66.78423900242518","54.20456557451706","0.5519869316499781","13","72.9667908712847","48.998370697134014","0.5982592892344308"
,"14","60.7563385511802","59.34186483862639","0.5058888212838738","14","67.23309319829518","53.75723519646185","0.5556898149654799","14","73.7710668604207","48.19542284049702","0.6048470120056725"
,"15","60.806183783457826","59.29287772850476","0.5063002409673382","15","67.6778197855557","53.31325795211672","0.5593620707494795","15","74.56176133505366","47.40537067480597","0.6113266755262082"
,"16","60.855770635983355","59.2437192317348","0.5067113166176814","16","68.11866383133233","52.87278239132842","0.5630039639824904","16","75.33929787855371","46.62814475827522","0.6177000701972943"
,"17","60.905207851108884","59.19449584010945","0.5071220492574975","17","68.55576188288995","52.43586553838864","0.5666157513873821","17","76.10399052971049","45.863602328165584","0.6239689473776153"
,"18","60.95454977349111","59.14526065200954","0.5075324395395441","18","68.98919661815576","52.00251990522256","0.5701976846061647","18","76.85609796474068","45.11156754063751","0.6301350251009904"
,"19","61.00382357005958","59.09604013385309","0.5079424879320007","19","69.41902391659926","51.572736421495144","0.5737500117579709","19","77.59585005279308","44.37185058514162","0.6361999910381111"
,"20","61.05304282993573","59.04684746885661","0.5083521948108695","20","69.84528626642981","51.14649561691648","0.5772729782074856","20","78.32346087988012","43.644256748251706","0.6421655041433261"
,"21","61.102214358984924","58.99768921511212","0.5087615605060598","21","70.2680194041753","50.723773073730605","0.5807668269482562","21","79.03913514794665","42.928590696685674","0.6480331956720261"
,"22","61.15134157429418","58.948568626403855","0.5091705853243741","22","70.68725560285782","50.30454208476502","0.5842317987981176","22","79.74307133157461","42.2246584865764","0.6538046698948019"
,"23","61.20042619998779","58.89948730849372","0.5095792695609709","23","71.10302530074493","49.88877494867826","0.5876681325029206","23","80.4354632481378","41.53226849161587","0.6594815046635895"
,"24","61.249469114417224","58.85044604520196","0.5099876135050838","24","71.51535790854338","49.476443600606736","0.5910760647954726","24","81.11650085166107","40.85123181738395","0.6650652519036959"
,"25","61.29847077339548","58.801445210417775","0.5103956174428725","25","71.92428220989103","49.06751991871087","0.5944558304325683","25","81.78637064673892","40.181362471713484","0.670557438066917"
,"26","61.34743142163346","58.75248497359059","0.5108032816588457","26","72.32982656053336","48.66197587267468","0.5978076622212658","26","82.44525591634029","39.522477419446524","0.675959564562555"
,"27","61.39635119836758","58.7035654022193","0.5112106064365707","27","72.732018987855","48.25978359513852","0.6011317910398513","27","83.09333685826083","38.87439658262939","0.6812731081743906"
,"28","61.44523019012834","58.654686512968965","0.5116175920590268","28","73.13088724109137","47.86091541555692","0.6044284458561454","28","83.73079067653995","38.236942815178494","0.6864995214674973"
,"29","61.49406845710184","58.60584829716532","0.512024238808783","29","73.5264588171268","47.465343875740125","0.6076978537444467","29","84.35779165047957","37.609941865819536","0.691640233186808"
,"30","61.54286604629925","58.55705073351024","0.5124305469680849","30","73.91876097420543","47.07304173647146","0.6109402399017441","30","84.97451119232765","36.993222335858704","0.6966966486483929"
,"31","61.591622998135875","58.5082937944235","0.5128365168189001","31","74.30782073965416","46.6839819797805","0.6141558276635071","31","85.58111789903596","36.38661563489909","0.7016701501239649"
,"32","61.64033934971785","58.45957744920586","0.5132421486429393","32","74.69366491463553","46.29813780910565","0.6173448385192052","32","86.17777760073874","35.7899559359764","0.7065620972189108"
,"33","61.68901513648405","58.410901665616514","0.5136474427216681","33","75.07632007742366","45.91548264843519","0.6205074921276303","33","86.76465340725086","35.203080130808736","0.7113738272440412"
,"34","61.73765039302642","58.362266410659934","0.514052399336312","34","75.45581258594218","45.53599014095799","0.6236440063320592","34","87.34190575322529","34.625827785484475","0.7161066555812072"
,"35","61.7862451534997","58.31367165097823","0.5144570187678598","35","75.83216857992946","45.15963414748276","0.6267545971752739","35","87.90969244228805","34.058041096736154","0.7207618760429034"
,"36","61.83479945182619","58.26511735304687","0.514861301297065","36","76.205413982912","44.78638874475202","0.6298394789144514","36","88.46816869031184","33.49956484886442","0.7253407612259656"
,"37","61.883313321798035","58.21660348327226","0.5152652472044468","37","76.57557450407555","44.4162282237123","0.6328988640359241","37","89.01748716791325","32.950246371336554","0.7298445628594631"
,"38","61.93178679712832","58.16813000804043","0.5156688567702901","38","76.94267564007816","44.04912708777058","0.6359329632698185","38","89.55779804222028","32.40993549706509","0.7342745121468871"
,"39","61.98021991147663","58.119696893741256","0.5160721302746467","39","77.30674267682738","43.685060051051295","0.6389419856045713","39","90.08924901793912","31.878484521363433","0.7386318201027242"
,"40","62.02861269846183","58.071304106780595","0.5164750679973348","40","77.66780069123222","43.32400203666118","0.6419261383013241","40","90.61198537773981","31.355748161571054","0.7429176778835123"
,"41","62.07696519166842","58.02295161358625","0.5168776702179397","41","78.02587455293553","42.96592817496509","0.6448856269082006","41","91.12615002197577","30.84158351733911","0.747133257113467"
,"42","62.12527742464978","57.974639380610995","0.517279937215814","42","78.38098892602963","42.610813801874556","0.6478206552744645","42","91.6318835077503","30.33585003156654","0.7512797102047679"
,"43","62.173549430929775","57.92636737433405","0.5176818692700775","43","78.7331682707563","42.25863445714963","0.6507314255645604","43","92.12932408734147","29.83840945197631","0.755358170672594"
,"44","62.22178124400356","57.87813556126179","0.5180834666596178","44","79.08243684519229","41.909365882714496","0.6536181382720394","44","92.61860774599663","29.349125793321612","0.7593697534449925"
,"45","62.26997289733799","57.829943907928126","0.5184847296630899","45","79.42881870692054","41.56298402098668","0.6564809922333688","45","93.09986823910681","28.86786530021165","0.7633155551676659"
,"46","62.31812442437188","57.78179238089462","0.5188856585589172","46","79.77233771468731","41.21946501322012","0.6593201846416276","46","93.57323712877157","28.39449641054701","0.7671966545037626"
,"47","62.366235858516085","57.7336809467506","0.5192862536252911","47","80.11301753004574","40.87878519786178","0.6621359110600901","47","94.03884381976408","27.928889719554544","0.7710141124287504"
,"48","62.4143072331536","57.68560957211317","0.5196865151401714","48","80.45088161898568","40.540921108921886","0.6649283654356953","48","94.4968155949066","27.470917944412047","0.7747689725204554"
,"49","62.46233858163961","57.637578223627216","0.5200864433812864","49","80.78595325355","40.20584947435759","0.6676977401124066","49","94.9472776498657","27.02045588945296","0.7784622612443446"
,"50","62.5103299373015","57.58958686796536","0.5204860386261331","50","81.1182555134376","39.87354721447","0.6704442258444597","50","95.39035312737701","26.57738041194165","0.7820949882341307"
,"51","62.55828133343889","57.54163547182797","0.5208853011519776","51","81.44781128759315","39.543991440314464","0.6731680118095029","51","95.82616315090876","26.141570388409914","0.7856681465677751"
,"52","62.6061928033237","57.49372400194318","0.5212842312358551","52","81.77464327578366","39.21715945212397","0.6758692856216262","52","96.25482685777321","25.712906681545466","0.7891827130389661"
,"53","62.65406438020012","57.44585242506677","0.52168282915457","53","82.09877399016203","38.893028737745595","0.6785482333442856","53","96.67646143169529","25.2912721076234","0.7926396484241444"
,"54","62.70189609728466","57.39802070798222","0.5220810951846965","54","82.42022575681774","38.57157697108988","0.6812050395031177","54","97.09118213484699","24.876551404471687","0.7960398977451504"
,"55","62.749687987766194","57.35022881750069","0.522479029602578","55","82.73902071731463","38.252782010593","0.6838398870986512","55","97.4991023393567","24.46863119996199","0.7993843905275648"
,"56","62.797440084805935","57.302476720460945","0.5228766326843285","56","83.05518083021597","37.93662189769165","0.6864529576189107","56","97.90033355830155","24.067399981017118","0.8026740410548129"
,"57","62.845152421537506","57.25476438372938","0.5232739047058315","57","83.36872787259706","37.62307485531056","0.6890444310519185","57","98.29498547619193","23.672748063126743","0.8059097486181017"
,"58","62.89282503106692","57.20709177419996","0.523670845942741","58","83.67968344154514","37.31211928636248","0.6916144858980916","58","98.68316597895573","23.284567560362948","0.8090923977622597"
,"59","62.94045794647265","57.15945885879424","0.5240674566704816","59","83.98806895564705","37.003733772260574","0.6941632991825372","59","99.06498118343121","22.90275235588747","0.812222858527544"
,"60","62.9880512008056","57.111865604461286","0.5244637371642484","60","84.29390565646452","36.69789707144311","0.6966910464672457","60","99.44053546637612","22.527198072942554","0.8153019866874834"
,"61","63.03560482708917","57.064311978177706","0.5248596876990077","61","84.59721460999727","36.39458811791035","0.699197901863184","61","99.80993149300116","22.15780204631752","0.8183306239828214"
,"62","63.083118858319274","57.01679794694761","0.5252553085494961","62","84.8980167081341","36.09378601977354","0.7016840380422875","62","100.17327024503551","21.79446329428316","0.8213095983516223"
,"63","63.130593327464325","56.96932347780256","0.5256505999902223","63","85.1963326700918","35.79547005781583","0.7041496262493546","63","100.53065104833227","21.437082490986406","0.8242397241556042"
,"64","63.1780282674653","56.92188853780158","0.5260455622954661","64","85.49218304384245","35.49961968406518","0.7065948363138411","64","100.88217160002105","21.085561939297612","0.827121802402762"
,"65","63.225423711235756","56.87449309403113","0.5264401957392785","65","85.7855882075286","35.20621452037902","0.7090198366615588","65","101.22792799521554","20.739805544103138","0.8299566209663374"
,"66","63.272779691661825","56.827137113605055","0.526834500595483","66","86.07656837086705","34.91523435704058","0.711424794326276","66","101.56801475328287","20.399718786035812","0.8327449548002007"
,"67","63.32009624160228","56.77982056366461","0.5272284771376746","67","86.36514357654077","34.62665915136686","0.7138098749612235","67","101.90252484368246","20.065208695636212","0.8354875661507"
,"68","63.367373393888506","56.73254341137837","0.527622125639221","68","86.65133370157955","34.34046902632808","0.7161752428505043","68","102.23154971138106","19.736183827937612","0.8381852047650351"
,"69","63.41461118132459","56.6853056239423","0.5280154463732617","69","86.93515845872903","34.056644269178584","0.7185210609204091","69","102.555179301851","19.412554237467685","0.8408386080962169"
,"70","63.461809636687256","56.63810716857962","0.5284084396127092","70","87.21663739780864","33.77516533009899","0.7208474907506398","70","102.87350208565856","19.094231453660118","0.8434485015046647"
,"71","63.50896879272599","56.5909480125409","0.5288011056302485","71","87.495789907058","33.49601282084963","0.723154692585438","71","103.18660508264924","18.78112845666945","0.8460155984564968"
,"72","63.55608868216296","56.54382812310392","0.5291934446983377","72","87.77263521447256","33.21916751343507","0.7254428253446229","72","103.49457388573623","18.473159653582442","0.8485406007185723"
,"73","63.60316933769313","56.49674746757376","0.529585457089208","73","88.04719238912793","32.94461033877969","0.727712046634538","73","103.79749268429909","18.17024085501959","0.8510241985503317"
,"74","63.6502107919842","56.44970601328267","0.5299771430748641","74","88.31948034249339","32.67232238541423","0.7299625127589067","74","104.09544428719843","17.872289252120254","0.8534670708924933"
,"75","63.69721307767672","56.402703727590165","0.5303685029270839","75","88.58951782973449","32.40228489817314","0.7321943787295986","75","104.38851014541343","17.579223393905238","0.8558698855526553"
,"76","63.74417622738401","56.35574057788287","0.5307595369174192","76","88.85732345100489","32.13447927690274","0.7344077982773068","76","104.67677037430812","17.29096316501055","0.8582332993878543"
,"77","63.79110027369227","56.308816531574614","0.5311502453171955","77","89.12291565272758","31.868887075180044","0.7366029238621365","77","104.96030377553241","17.00742976378626","0.8605579584841299"
,"78","63.83798524916055","56.26193155610633","0.5315406283975127","78","89.38631272886545","31.60548999904218","0.7387799066841068","78","105.23918785856415","16.728545680754518","0.8628444983331452"
,"79","63.8848311863208","56.215085618946084","0.5319306864292448","79","89.64753282218135","31.344269905726286","0.7409388966935649","79","105.51349886189786","16.45423467742081","0.8650935440059114"
,"80","63.93163811767788","56.16827868758901","0.5323204196830401","80","89.90659392548778","31.08520880241985","0.7430800426015156","80","105.78331177388604","16.184421765432635","0.867305710323663"
,"81","63.97840607570957","56.12151072955731","0.5327098284293221","81","90.16351388288626","30.828288845021365","0.7452034918898635","81","106.04870035323871","15.919033186079961","0.8694816020259313"
,"82","64.02513509286665","56.074781712400245","0.5330989129382883","82","90.4183103909964","30.57349233691123","0.7473093908215714","82","106.30973714918686","15.657996390131824","0.8716218139358622"
,"83","64.0718252015728","56.028091603694065","0.533487673479912","83","90.67100100017483","30.3208017277328","0.7493978844507365","83","106.56649352131512","15.401240018003548","0.8737269311228231"
,"84","64.11847643422482","55.98144037104206","0.5338761103239412","84","90.92160311572408","30.070199612183536","0.7514691166325798","84","106.81903965906947","15.148693880249194","0.8757975290623423"
,"85","64.16508882319243","55.93482798207446","0.5342642237398996","85","91.1701339990915","29.821668728816118","0.7535232300333555","85","107.0674446009448","14.90028893837388","0.8778341737934281"
,"86","64.21166240081844","55.88825440444844","0.5346520139970863","86","91.41661076905815","29.575191958849473","0.7555603661401786","86","107.31177625335795","14.655957285960737","0.8798374220733051"
,"87","64.25819719941873","55.841719605848155","0.5350394813645761","87","91.66105040291798","29.33075232498965","0.7575806652707696","87","107.55210140921133","14.415632130107346","0.8818078215296165"
,"88","64.30469325128227","55.79522355398461","0.5354266261112202","88","91.90346973764721","29.08833299026042","0.7595842665831196","88","107.7884857661521","14.17924777316658","0.8837459108101273"
,"89","64.35115058867115","55.74876621659573","0.5358134485056453","89","92.1438854710641","28.847917256843537","0.7615713080850761","89","108.02099394453184","13.946739594786834","0.8856522197299761"
,"90","64.39756924382058","55.7023475614463","0.536199948816255","90","92.38231416297901","28.60948856492861","0.7635419266438483","90","108.24968950507188","13.718044034246786","0.8875272694165092"
,"91","64.44394924893895","55.65596755632792","0.5365861273112291","91","92.61877223633516","28.373030491572457","0.7654962579954352","91","108.47463496623887","13.493098573079804","0.8893715724517416"
,"92","64.49029063620783","55.60962616905905","0.5369719842585242","92","92.85327597833974","28.138526749567895","0.767434436753974","92","108.69589182133538","13.271841717983287","0.8911856330124814"
,"93","64.53659343778199","55.563323367484905","0.5373575199258738","93","93.08584154158576","27.905961186321868","0.7693565964210138","93","108.91352055531041","13.05421298400825","0.8929699470081571"
,"94","64.58285768578939","55.51705911947749","0.5377427345807884","94","93.31648494516475","27.67531778274288","0.7712628693947101","94","109.1275806612941","12.840152878024565","0.894725002216383"
,"95","64.62908341233131","55.47083339293557","0.5381276284905558","95","93.54522207577003","27.44658065213759","0.7731533869789442","95","109.33813065686134","12.62960288245733","0.896451278416304"
,"96","64.67527064948226","55.42464615578463","0.5385122019222413","96","93.7720686887911","27.21973403911654","0.7750282793923682","96","109.54522810002874","12.422505439289939","0.8981492475197524"
,"97","64.72141942929004","55.37849737597685","0.5388964551426878","97","93.99704040939872","26.994762318508904","0.7768876757773743","97","109.74892960498923","12.218803934329443","0.8998193737002543"
,"98","64.76752978377577","55.332387021491115","0.5392803884185159","98","94.22015273362135","26.77164999428628","0.7787317042089893","98","109.94929085758872","12.018442681729953","0.9014621135199207"
,"99","64.81360174493392","55.28631506033297","0.5396640020161244","99","94.44142102941235","26.55038169849527","0.7805604917036976","99","110.14636663054888","11.821366908769795","0.9030779160542576"
,"100","64.85963534473231","55.240281460534575","0.5400472962016901","100","94.66086053770866","26.330942190198964","0.7823741642281891","100","110.34021079844037","11.62752274087831","0.9046672230149301"
,"101","64.90563061511214","55.19428619015474","0.5404302712411684","101","94.87848637348047","26.113316354427152","0.7841728467080362","101","110.53087635241052","11.43685718690817","0.9062304688705126"
,"102","64.95158758798803","55.14832921727886","0.540812927400293","102","95.09431352677244","25.897489201135187","0.7859566630362989","102","110.71841541466948","11.249318124649195","0.90776808096526"
,"103","64.997506295248","55.102410510018885","0.5411952649445765","103","95.30835686373614","25.683445864171485","0.7877257360820575","103","110.90287925273896","11.064854286579715","0.9092804796359297"
,"104","65.04338676875354","55.05653003651334","0.5415772841393102","104","95.52063112765408","25.47117160025354","0.7894801876988776","104","111.0843182934671","10.883415245851575","0.9107680783266904"
,"105","65.0892290403396","55.01068776492727","0.5419589852495649","105","95.7311509399552","25.26065178795242","0.7912201387332014","105","111.26278213681371","10.704951402504955","0.912231283702144"
,"106","65.13503314181465","54.96488366345223","0.5423403685401904","106","95.939930801222","25.051871926685624","0.7929457090326729","106","111.43831956940943","10.529413969909243","0.913670495758496"
,"107","65.18079910496063","54.91911770030625","0.5427214342758161","107","96.14698509218933","24.844817635718297","0.7946570174543927","107","111.61097857789244","10.356754961426235","0.9150861079329023"
,"108","65.22652696153305","54.87338984373384","0.5431021827208509","108","96.35232807473493","24.639474653172687","0.7963541818731046","108","111.78080636202664","10.18692717729204","0.9164785072110233"
,"109","65.27221674326096","54.82770006200592","0.5434826141394837","109","96.55597389286183","24.435828835045793","0.7980373191893149","109","111.94784934760459","10.019884191714086","0.9178480742328136"
,"110","65.31786848184701","54.78204832341987","0.5438627287956835","110","96.75793657367251","24.23386615423511","0.7997065453373446","110","112.11215319913896","9.855580340179714","0.9191951833965778"
,"111","65.36348220896744","54.73643459629944","0.5442425269531992","111","96.95823002833518","24.033572699572456","0.8013619752933151","111","112.27376283234581","9.69397070697287","0.9205202029613198"
,"112","65.40905795627212","54.690858848994765","0.5446220088755603","112","97.15686805304186","23.83493467486577","0.8030037230830673","112","112.43272242642315","9.535011112895509","0.9218234951474137"
,"113","65.45459575538456","54.64532104988232","0.545001174826077","113","97.3538643299588","23.637938397948837","0.8046319017900162","113","112.58907543612833","9.378658103190336","0.9231054162356231"
,"114","65.50009563790195","54.59982116736493","0.54538002506784","114","97.54923242816878","23.442570299738854","0.8062466235629394","114","112.74286460365708","9.224868935661583","0.9243663166644991"
,"115","65.54555763539517","54.55435916987172","0.5457585598637211","115","97.74298580460584","23.248816923301792","0.8078479996237028","115","112.89413197032809","9.073601568990581","0.925606541126178"
,"116","65.59098177940879","54.50893502585809","0.5461367794763732","116","97.93513780498213","23.056664922925496","0.8094361402749204","116","113.04291888807573","8.924814651242936","0.9268264286606108"
,"117","65.63636810146116","54.46354870380573","0.5465146841682302","117","98.12570166470721","22.866101063200414","0.8110111549075532","117","113.18926603075451","8.778467508564159","0.9280263127482462"
,"118","65.68171663304433","54.41820017222255","0.5468922742015082","118","98.31469050979965","22.67711221810797","0.8125731520084433","118","113.33321340525802","8.63452013406065","0.9292065214011939"
,"119","65.72702740562418","54.3728893996427","0.5472695498382042","119","98.5021173577912","22.489685370116412","0.8141222391677861","119","113.47480036245564","8.492933176863039","0.9303673772528931"
,"120","65.77230045064036","54.32761635462652","0.5476465113400976","120","98.68799511862343","22.3038076092842","0.8156585230865424","120","113.61406560794985","8.353667931368825","0.9315091976463113"
,"121","65.81753579950636","54.282381005760534","0.5480231589687494","121","98.8723365955369","22.11946613237074","0.8171821095837865","121","113.75104721265723","8.216686326661447","0.9326322947206964"
,"122","65.86273348360947","54.237183321657405","0.5483994929855033","122","99.05515448595311","21.936648241954526","0.8186931036039958","122","113.88578262321583","8.08195091610284","0.9337369754969049"
,"123","65.90789353431093","54.19202327095596","0.5487755136514848","123","99.23646138234912","21.75534134555852","0.8201916092242794","123","114.01830867222202","7.949424867096651","0.9348235419613335"
,"124","65.95301598294577","54.1469008223211","0.5491512212276025","124","99.41626977312484","21.575532954782798","0.8216777296615463","124","114.14866158829936","7.8190719510193185","0.9358922911484725"
,"125","65.99810086082302","54.101815944443864","0.5495266159745477","125","99.5945920434633","21.397210684444342","0.823151567279616","125","114.27687700600241","7.690856533316263","0.9369435152221062"
,"126","66.04314819922557","54.056768606041324","0.5499016981527941","126","99.77144047618367","21.22036225172396","0.8246132235962682","126","114.4029899755582","7.564743563760476","0.9379775015551811"
,"127","66.08815802941028","54.01175877585659","0.5502764680225993","127","99.9468272525874","21.044975475320225","0.8260627992902361","127","114.52703497244784","7.440698566870838","0.9389945328083662"
,"128","66.13313038260803","53.966786422658856","0.5506509258440037","128","100.12076445329716","20.87103827461046","0.8275003942081408","128","114.6490459068311","7.3186876324875705","0.9399948870073228"
,"129","66.17806529002362","53.921851515243254","0.5510250718768311","129","100.29326405908903","20.698538668818603","0.8289261073713687","129","114.76905613281646","7.198677406502216","0.9409788376187086"
,"130","66.22296278283595","53.876954022430944","0.5513989063806894","130","100.46433795171765","20.527464776189973","0.8303400369828925","130","114.88709845757904","7.080635081739633","0.9419466536249356"
,"131","66.26782289219787","53.832093913069","0.55177242961497","131","100.63399791473476","20.357804813172866","0.8317422804340349","131","115.00320515032918","6.964528388989504","0.9428985995977014"
,"132","66.31264564923637","53.787271156030506","0.5521456418388484","132","100.80225563430072","20.1895470936069","0.8331329343111767","132","115.11740795113377","6.850325588184907","0.9438349357703153"
,"133","66.3574310850525","53.7424857202144","0.5525185433112842","133","100.96912269998954","20.022680027918078","0.8345120944024111","133","115.22973807959315","6.737995459725537","0.9447559181088381"
,"134","66.40217923072136","53.69773757454552","0.5528911342910219","134","101.13461060558714","19.85719212232049","0.8358798557041395","134","115.34022624337547","6.627507295943213","0.9456617983820556"
,"135","66.44689011729226","53.653026687974624","0.5532634150365897","135","101.298730749883","19.69307197802463","0.8372363124276163","135","115.44890264661134","6.5188308927073235","0.9465528242303047"
,"136","66.4915637757886","53.60835302947829","0.5536353858063011","136","101.46149443745539","19.530308290452247","0.838581558005438","136","115.55579699815074","6.411936541167933","0.9474292392331705"
,"137","66.53620023720796","53.56371656805891","0.5540070468582546","137","101.62291287944994","19.368889848457684","0.8399156850979781","137","115.66093851968441","6.306795019634275","0.9482912829760737"
,"138","66.58079953252215","53.51911727274474","0.5543783984503335","138","101.78299719435196","19.208805533555662","0.8412387855997702","138","115.76435595373225","6.203377585586422","0.9491391911157664"
,"139","66.62536169267712","53.47455511258977","0.5547494408402064","139","101.9417584087522","19.050044319155433","0.8425509506458374","139","115.86607757150072","6.101655967817955","0.9499731954447528"
,"140","66.6698867485931","53.430030056673786","0.5551201742853276","140","102.09920745810635","18.89259526980127","0.8438522706179701","140","115.96613118061121","6.00160235870746","0.9507935239546554"
,"141","66.71437473116457","53.38554207410232","0.5554905990429367","141","102.25535518748839","18.736447540419242","0.8451428351509507","141","116.06454413270191","5.903189406616772","0.9516004008985396"
,"142","66.75882567126027","53.34109113400661","0.5558607153700594","142","102.41021235233744","18.581590375570194","0.8464227331387284","142","116.16134333090483","5.80639020841385","0.952394046852219"
,"143","66.80323959972327","53.296677205543624","0.5562305235235072","143","102.56378961919872","18.42801310870892","0.8476920527405418","143","116.25655523720039","5.711178302118288","0.9531746787745533"
,"144","66.8476165473709","53.25230025789597","0.5566000237598779","144","102.71609756645817","18.275705161449462","0.8489508813869914","144","116.35020587965128","5.617527659667394","0.953942510066759"
,"145","66.89195654499493","53.20796026027196","0.5569692163355556","145","102.86714668507118","18.124656042836452","0.8501993057860616","145","116.44232085951776","5.525412679800913","0.9546977506307462"
,"146","66.93625962336137","53.16365718190551","0.5573381015067109","146","103.01694737928511","17.974855348622512","0.8514374119290936","146","116.53292535825628","5.434808181062405","0.9554406069265"
,"147","66.9805258132107","53.11939099205619","0.5577066795293011","147","103.16550996735602","17.826292760551606","0.852665285096708","147","116.62204414440328","5.345689394915405","0.9561712820285201"
,"148","67.02475514525777","53.07516166000911","0.5580749506590704","148","103.31284468225931","17.678958045648315","0.8538830098646796","148","116.70970158034622","5.258031958972445","0.9568899756813354"
,"149","67.06894765019187","53.03096915507502","0.55844291515155","149","103.45896167239462","17.532841055512993","0.8550906701097618","149","116.79592162898355","5.171811910335117","0.9575968843541076"
,"150","67.11310335867671","52.98681344659017","0.5588105732620585","150","103.60387100228488","17.387931725622757","0.856288349015465","150","116.88072786027534","5.087005679043332","0.9582922012943412"
,"151","67.15722230135052","52.94269450391638","0.5591779252457016","151","103.7475826532694","17.24422007463822","0.8574761290777866","151","116.96414345768666","5.003590081632015","0.9589761165807102"
,"152","67.20130450882594","52.89861229644094","0.5595449713573731","152","103.89010652419162","17.101696203716006","0.8586540921108916","152","117.04619122452524","4.921542314793435","0.9596488171750204"
,"153","67.2453500116902","52.85456679357668","0.5599117118517539","153","104.03145243208073","16.9603502958269","0.8598223192527499","153","117.1268935901752","4.840839949143476","0.9603104869733196"
,"154","67.28935884050503","52.810557964761855","0.5602781469833134","154","104.17163011282797","16.82017261507965","0.8609808909707239","154","117.20627261622856","4.761460923090115","0.9609613068561681"
,"155","67.3333310258067","52.766585779460186","0.5606442770063089","155","104.31064922185726","16.681153506050375","0.8621298870671116","155","117.28435000251622","4.6833835368024515","0.9616014547380871"
,"156","67.37726659810606","52.72265020716082","0.561010102174786","156","104.44851933479015","16.543283393117488","0.863269386684643","156","117.36114709304005","4.606586446278626","0.9622311056161947"
,"157","67.42116558788858","52.6787512173783","0.5613756227425787","157","104.5852499481055","16.40655277980213","0.8643994683119318","157","117.43668488180766","4.531048657511016","0.9628504316180447"
,"158","67.46502802561433","52.63488877965256","0.5617408389633097","158","104.72085047979357","16.27095224811406","0.8655202097888814","158","117.51098401857156","4.456749520747104","0.9634596020486813"
,"159","67.50885394171799","52.591062863548885","0.5621057510903908","159","104.85533027000469","16.13647245790294","0.8666316883120467","159","117.5840648144742","4.383668724844467","0.9640587834369218"
,"160","67.55264336660895","52.547273438657925","0.5624703593770224","160","104.98869858169263","16.003104146214987","0.8677339804399513","160","117.65594724760037","4.3117862917183105","0.9646481395808809"
,"161","67.59639633067125","52.50352047459563","0.5628346640761942","161","105.1209646012527","15.87083812665494","0.8688271620983608","161","117.7266509684386","4.241082570880073","0.9652278315927477"
,"162","67.64011286426363","52.45980394100325","0.5631986654406852","162","105.25213743915434","15.7396652887533","0.8699113085855127","162","117.79619530525311","4.171538234065568","0.9657980179428292"
,"163","67.68379299771956","52.41612380754732","0.5635623637230641","163","105.38222613056882","15.609576597338814","0.8709864945773028","163","117.86459926936745","4.1031342699512265","0.9663588545028714"
,"164","67.72743676134725","52.37248004391963","0.5639257591756893","164","105.51123963599152","15.480563091916116","0.8720527941324292","164","117.9318815603617","4.03585197895697","0.9669104945886697"
,"165","67.77104418542969","52.328872619837206","0.5642888520507088","165","105.63918684185909","15.352615886048545","0.8731102806974926","165","117.99806057118437","3.9696729681343093","0.967453089001981"
,"166","67.8146153002246","52.28530150504227","0.564651642600061","166","105.7660765611616","15.225726166746037","0.8741590271120564","166","118.06315439318041","3.9045791461382713","0.9679867860717477"
,"167","67.8581501359646","52.24176666930228","0.5650141310754742","167","105.89191753404954","15.099885193858093","0.8751991056136632","167","118.1271808210369","3.8405527182817663","0.9685117316946478"
,"168","67.90164872285706","52.198268082409825","0.5653763177284673","168","106.01671842843588","14.975084299471755","0.8762305878428105","168","118.1901573576476","3.777576181671062","0.969028069374977"
,"169","67.94511109108421","52.15480571418267","0.5657382028103498","169","106.14048784059307","14.851314887314565","0.8772535448478858","169","118.25210121889765","3.715632320421016","0.9695359402638796"
,"170","67.98853727080318","52.1113795344637","0.5660997865722218","170","106.26323429574518","14.72856843216245","0.8782680470900596","170","118.31302933836989","3.6547042009487756","0.9700354831979344"
,"171","68.03192729214597","52.06798951312093","0.5664610692649745","171","106.38496624865512","14.606836479252511","0.8792741644481397","171","118.37295837197402","3.5947751673446446","0.9705268347371085"
,"172","68.07528118521945","52.02463562004742","0.56682205113929","172","106.50569208420697","14.48611064370065","0.8802719662233834","172","118.4319047024998","3.5358288368188617","0.9710101292020892"
,"173","68.11859898010553","51.981317825161355","0.5671827324456419","173","106.62542011798358","14.366382609924033","0.8812615211442724","173","118.48988444409564","3.47784909522304","0.9714854987110022"
,"174","68.16188070686097","51.93803609840592","0.567543113434295","174","106.74415859683931","14.247644131068306","0.882242897371245","174","118.54691344667364","3.4208200926450445","0.9719530732155298"
,"175","68.20512639551754","51.89479040974934","0.5679031943553059","175","106.86191569946807","14.129887028439551","0.8832161625013923","175","118.60300730024257","3.364726239076104","0.9724129805364349"
,"176","68.24833607608201","51.851580729184874","0.5682629754585229","176","106.97869953696667","14.013103190940944","0.8841813835731144","176","118.6581813391697","3.309552200148974","0.9728653463985041"
,"177","68.29150977853615","51.80840702673073","0.5686224569935863","177","107.09451815339357","13.89728457451406","0.8851386270707366","177","118.7124506463727","3.2552828929459823","0.9733102944649161"
,"178","68.3346475328368","51.76526927243009","0.5689816392099285","178","107.20937952632282","13.782423201584797","0.8860879589290905","178","118.76583005744286","3.2019034818758145","0.9737479463710489"
,"179","68.3777493689158","51.72216743635108","0.5693405223567745","179","107.32329156739374","13.668511160513889","0.8870294445380542","179","118.81833416470076","3.1493993746179125","0.9741784217577295"
,"180","68.42081531668013","51.67910148858676","0.5696991066831413","180","107.43626212285568","13.555540605051943","0.8879631487470575","180","118.8699773211853","3.0977562181333718","0.9746018383039416"
,"181","68.46384540601181","51.636071399255066","0.5700573924378388","181","107.54829897410862","13.443503753799","0.888889135869548","181","118.92077364457742","3.046959894741255","0.9750183117589948"
,"182","68.50683966676803","51.593077138498856","0.5704153798694698","182","107.65940983823909","13.332392889668549","0.8898074696874209","182","118.97073702105943","2.9969965182592446","0.9754279559741666"
,"183","68.54979812878108","51.5501186764858","0.57077306922643","183","107.76960236855166","13.22220035935597","0.8907182134554131","183","119.0198811091111","2.9478524302075777","0.9758308829338271"
,"184","68.59272082185844","51.50719598340845","0.5711304607569083","184","107.87888415509624","13.112918572811383","0.8916214299054592","184","119.06821934324344","2.899514196075232","0.9762272027860507"
,"185","68.63560777578274","51.46430902948414","0.571487554708887","185","107.98726272519079","13.004540002716842","0.8925171812510134","185","119.11576493767134","2.8519686016473336","0.9766170238727283"
,"186","68.67845902031185","51.42145778495503","0.571844351330142","186","108.09474554393978","12.897057183967856","0.8934055291913338","186","119.16253088992589","2.80520264939279","0.9770004527591841"
,"187","68.72127458517883","51.37864222008805","0.5722008508682425","187","108.20134001474844","12.79046271315919","0.894286534915733","187","119.2085299844075","2.759203554911158","0.9773775942633084"
,"188","68.76405450009202","51.33586230517488","0.5725570535705518","188","108.3070534798327","12.684749248074922","0.8951602591077925","188","119.25377479588089","2.713958743437775","0.9777485514842098"
,"189","68.80679879473495","51.29311801053193","0.5729129596842276","189","108.4118932207249","12.579909507182714","0.8960267619495426","189","119.29827769291246","2.669455846406195","0.978113425830401"
,"190","68.84950749876653","51.25040930650035","0.5732685694562213","190","108.51586645877536","12.475936269132257","0.8968861031256079","190","119.34205084125166","2.625682698066997","0.9784723170475201"
,"191","68.89218064182091","51.20773616344598","0.5736238831332787","191","108.61898035564975","12.372822372257865","0.897738341827318","191","119.38510620715662","2.5826273321620374","0.9788253232455986"
,"192","68.93481825350757","51.1650985517593","0.5739789009619405","192","108.72124201382245","12.270560714085184","0.8985835367567849","192","119.42745556066544","2.5402779786532346","0.9791725409258808"
,"193","68.97742036341138","51.122496441855496","0.574333623188542","193","108.82265847706566","12.169144250841969","0.8994217461309462","193","119.46911047881368","2.4986230605049964","0.9795140650072053"
,"194","69.01998700109253","51.079929804174355","0.574688050059213","194","108.9232367309347","12.068565996972914","0.9002530276855756","194","119.51008234879927","2.457651190519407","0.9798499888519521"
,"195","69.0625181960866","51.03739860918027","0.5750421818198789","195","109.02298370324914","11.96881902465849","0.9010774386792586","195","119.55038237109535","2.4173511682233113","0.9801804042915659"
,"196","69.10501397790462","50.99490282736226","0.5753960187162601","196","109.12190626456987","11.86989646333775","0.9018950358973379","196","119.59002156251222","2.3777119768064434","0.9805054016516594"
,"197","69.147474376033","50.95244242923389","0.5757495609938723","197","109.22001122867253","11.771791499235087","0.9027058756558237","197","119.62901075920891","2.3387227801097623","0.9808250697767059"
,"198","69.18989941993361","50.91001738533327","0.5761028088980271","198","109.3173053530167","11.674497374890912","0.9035100138052733","198","119.6673606196555","2.3003729196631744","0.9811394960543265"
,"199","69.23228913904381","50.86762766622308","0.5764557626738313","199","109.41379533921145","11.578007388696186","0.9043075057346374","199","119.70508162754685","2.2626519117718273","0.9814487664391794"
,"200","69.27464356277642","50.825273242490454","0.5768084225661881","200","109.50948783347681","11.482314894430823","0.9050984063750763","200","119.74218409466849","2.2255494446501864","0.9817529654764575"
,"201","69.31696272051981","50.782954084747075","0.5771607888197968","201","109.60438942710174","11.3874133008059","0.9058827702037427","201","119.77867816371558","2.1890553756031013","0.9820521763249997"
,"202","69.35924664163782","50.740670163629055","0.5775128616791526","202","109.69850665689799","11.293296071009642","0.9066606512475347","202","119.81457381106557","2.1531597282531005","0.9823464807800254"
,"203","69.40149535546992","50.698421449796975","0.5778646413885473","203","109.79184600565046","11.199956722257177","0.9074321030868165","203","119.84988084950552","2.1178526898131516","0.9826359592954934"
,"204","69.44370889133106","50.65620791393582","0.5782161281920694","204","109.88441390256364","11.107388825343993","0.9081971788591097","204","119.88460893091454","2.0831246084041384","0.9829206910060964"
,"205","69.48588727851185","50.61402952675503","0.5785673223336039","205","109.97621672370452","11.015586004203103","0.9089559312627525","205","119.91876754890235","2.048965990416331","0.9832007537488937"
,"206","69.52803054627849","50.57188625898839","0.578918224056833","206","110.06726079244177","10.924541935465856","0.909708412560531","206","119.95236604140456","2.0153674979141183","0.9834762240845902"
,"207","69.5701387238728","50.52977808139408","0.5792688336052358","207","110.15755237988124","10.834250348026387","0.9104546745832774","207","119.98541359323538","1.9823199460832988","0.9837471773184647"
,"208","69.61221184051229","50.487704964754606","0.5796191512220888","208","110.24709770529796","10.744705022609665","0.9111947687334414","208","120.01791923859845","1.9498143007202282","0.9840136875209567"
,"209","69.65424992539006","50.44566687987681","0.579969177150466","209","110.33590293656452","10.655899791343106","0.9119287459886302","209","120.04989186355652","1.9178416757621415","0.9842758275479154"
,"210","69.69625300767503","50.40366379759186","0.580318911633239","210","110.42397419057589","10.567828537331737","0.9126566569051195","210","120.0813402084607","1.8863933308579723","0.9845336690605154"
,"211","69.7382211165117","50.361695688755184","0.5806683549130768","211","110.51131753367076","10.480485194236856","0.9133785516213369","211","120.11227287033968","1.8554606689790032","0.9847872825448473"
,"212","69.78015428102039","50.31976252424649","0.5810175072324466","212","110.59793898204944","10.393863745858194","0.914094479861314","212","120.14269830524998","1.8250352340686977","0.9850367373311864"
,"213","69.82205253029714","50.277864274969744","0.581366368833614","213","110.68384450218812","10.307958225719508","0.914804490938113","213","120.17262483058761","1.7951087087310704","0.9852821016129453"
,"214","69.86391589341378","50.236000911853104","0.5817149399586424","214","110.76904001125001","10.222762716657622","0.9155086337572217","214","120.20206062736172","1.765672911956961","0.985523442465316"
,"215","69.90574439941791","50.194172405848974","0.5820632208493941","215","110.85353137749279","10.138271350414843","0.9162069568199237","215","120.23101374243109","1.736719796887593","0.9857608258636065"
,"216","69.94753807733296","50.152378727933915","0.5824112117475295","216","110.93732442067287","10.054478307234767","0.9168995082266376","216","120.25949209070386","1.7082414486148059","0.9859943167012765"
,"217","69.98929695615821","50.11061984910867","0.5827589128945082","217","111.02042491244623","9.971377815461404","0.9175863356802317","217","120.28750345730131","1.6802300820173588","0.9862239788076762"
,"218","70.03102106486875","50.06889574039812","0.5831063245315887","218","111.102838576766","9.888964151141636","0.9182674864893084","218","120.31505549968597","1.6526780396327112","0.986449874965497"
,"219","70.0727104324156","50.02720637285128","0.5834534468998285","219","111.18457109027669","9.807231637630943","0.9189430075714639","219","120.34215574975497","1.6255777895637051","0.9866720669279333"
,"220","70.11436508772562","49.98555171754126","0.5838002802400843","220","111.26562808270522","9.726174645202407","0.919612945456519","220","120.3688116158991","1.5989219234195717","0.9868906154355641"
,"221","70.1559850597016","49.94393174556527","0.5841468247930125","221","111.3460151372487","9.645787590658927","0.9202773462897247","221","120.39503038502798","1.5727031542907","0.9871055802329579"
,"222","70.1975703772223","49.90234642804458","0.5844930807990688","222","111.42573779095898","9.566064936948651","0.9209362558349404","222","120.42081922456205","1.5469143147566158","0.9873170200850052"
,"223","70.2391210691424","49.86079573612449","0.5848390484985092","223","111.50480153512403","9.487001192783591","0.9215897194777861","223","120.44618518439205","1.5215483549266262","0.9875249927929822"
,"224","70.28063716429254","49.81927964097434","0.5851847281313891","224","111.58321181564624","9.408590912261378","0.922237782228769","224","120.4711351988061","1.4965983405125907","0.987729555210353"
,"225","70.3221186914794","49.777798113787476","0.5855301199375643","225","111.66097403341747","9.330828694490148","0.9228804887263827","225","120.49567608838538","1.4720574509332964","0.9879307632583109"
,"226","70.36356567948565","49.73635112578123","0.5858752241566908","226","111.7380935446911","9.25370918321653","0.9235178832401834","226","120.51981456186876","1.4479189774499182","0.9881286719410659"
,"227","70.40497815706998","49.6949386481969","0.5862200410282252","227","111.81457566145092","9.177227066456714","0.9241500096738379","227","120.54355721798663","1.42417632133205","0.988323335360881"
,"228","70.44635615296716","49.65356065229973","0.5865645707914244","228","111.89042565177708","9.101377076130552","0.9247769115681483","228","120.56691054726485","1.4008229920538118","0.9885148067328624"
,"229","70.48769969588801","49.612217109378875","0.5869088136853466","229","111.96564874020893","9.0261539876987","0.9253986321040512","229","120.58988093379914","1.3778526055195366","0.9887031383995066"
,"230","70.52900881451947","49.57090799074741","0.5872527699488506","230","112.04025010810489","8.95155261980275","0.9260152141055915","230","120.61247465700012","1.3552588823185499","0.9888883818450094"
,"231","70.57028353752459","49.5296332677423","0.587596439820596","231","112.1142348939993","8.877567833908342","0.9266267000428726","231","120.6346978933101","1.3330356460085686","0.9890705877093401"
,"232","70.61152389354253","49.488392911724354","0.5879398235390445","232","112.18760819395642","8.804194533951215","0.9272331320349815","232","120.65655671789143","1.3111768214272488","0.9892498058020848"
,"233","70.65272991118863","49.447186894078264","0.5882829213424584","233","112.26037506192144","8.731427665986196","0.9278345518528898","233","120.67805710628726","1.2896764330314183","0.9894260851160633"
,"234","70.69390161905437","49.4060151862125","0.5886257334689025","234","112.33254051006854","8.659262217839085","0.9284310009223313","234","120.69920493605512","1.268528603263545","0.9895994738407219"
,"235","70.73503904570748","49.36487775955939","0.5889682601562424","235","112.40410950914621","8.587693218761416","0.9290225203266551","235","120.72000598837369","1.2477275509449888","0.9897700193753067"
,"236","70.77614221969186","49.323774585575016","0.5893105016421464","236","112.47508698881956","8.51671573908807","0.9296091508096554","236","120.74046594962307","1.2272675896956022","0.9899377683418216"
,"237","70.81721116952765","49.282705635739234","0.5896524581640844","237","112.5454778380099","8.446324889897726","0.930190932778378","237","120.76059041293944","1.2071431263792454","0.9901027665977732"
,"238","70.85824592371124","49.24167088155564","0.5899941299593291","238","112.61528690523153","8.376515822676105","0.9307679063059038","238","120.78038487974388","1.1873486595747917","0.9902650592487067"
,"239","70.89924651071532","49.20067029455158","0.5903355172649551","239","112.68451899892563","8.307283728982009","0.9313401111341084","239","120.79985476124646","1.167878778072205","0.9904246906605367"
,"240","70.94021295898881","49.15970384627806","0.5906766203178402","240","112.75317888779152","8.238623840116118","0.9319075866764004","240","120.8190053799254","1.1487281593932785","0.9905817044716753"
,"241","70.98114529695702","49.11877150830985","0.5910174393546641","241","112.82127130111512","8.170531426792518","0.932470372020435","241","120.83784197098205","1.129891568336629","0.990736143604961"
,"242","71.02204355302156","49.07787325224532","0.5913579746119104","242","112.88880092909469","8.103001798812953","0.9330285059308077","242","120.85636968377213","1.111363855546551","0.9908880502793939"
,"243","71.06290775556037","49.03700904970651","0.5916982263258651","243","112.95577242316388","8.03603030474376","0.9335820268517233","243","120.87459358321333","1.0931399561053388","0.9910374660216759"
,"244","71.10373793292779","48.996178872339094","0.5920381947326178","244","113.02219039631215","7.969612331595482","0.9341309729096446","244","120.89251865116998","1.0752148881486905","0.9911844316775626"
,"245","71.14453411345453","48.95538269181236","0.5923778800680612","245","113.08805942340251","7.903743304505126","0.9346753819159183","245","120.91014978781486","1.0575837515038158","0.9913289874230312"
,"246","71.18529632544772","48.91462047981916","0.5927172825678922","246","113.15338404148659","7.838418686421044","0.9352152913693792","246","120.9274918129688","1.0402417263498782","0.9914711727752608"
,"247","71.22602459719093","48.87389220807595","0.5930564024676108","247","113.21816875011721","7.773633977790423","0.9357507384589338","247","120.94454946741828","1.0231840719003997","0.9916110266034373"
,"248","71.26671895694417","48.83319784832272","0.5933952400025212","248","113.28241801165828","7.709384716249357","0.9362817600661211","248","120.9613274142114","1.0064061251072742","0.9917485871393777"
,"249","71.30737943294392","48.79253737232296","0.5937337954077317","249","113.34613625159216","7.645666476315478","0.9368083927676536","249","120.97783023993264","0.9899032993860298","0.9918838919879829"
,"250","71.34800605340315","48.75191075186374","0.5940720689181546","250","113.4093278588245","7.582474869083131","0.9373306728379361","250","120.99406245595668","0.9736710833619957","0.9920169781375161"
,"251","71.38859884651133","48.71131795875555","0.5944100607685071","251","113.47199718598655","7.519805541921067","0.937848636251565","251","121.01002849968165","0.9577050396370279","0.9921478819697154"
,"252","71.42915784043448","48.6707589648324","0.5947477711933103","252","113.53414854973498","7.457654178172632","0.9383623186858057","252","121.02573273574221","0.9420008035764587","0.9922766392697394"
,"253","71.46968306331514","48.630233741951734","0.5950852004268907","253","113.59578623104919","7.396016496858438","0.93887175552305","253","121.04117945720273","0.9265540821159375","0.9924032852359493"
,"254","71.51017454327246","48.589742261994424","0.5954223487033793","254","113.65691447552614","7.3348882523814884","0.9393769818532537","254","121.05637288673084","0.9113606525878362","0.9925278544895315"
,"255","71.55063230840213","48.549284496864765","0.595759216256712","255","113.71753749367288","7.274265234234742","0.9398780324763532","255","121.07131717775178","0.8964163615668992","0.9926503810839618"
,"256","71.59105638677644","48.50886041849043","0.5960958033206305","256","113.77765946119652","7.214143266711095","0.9403749419046626","256","121.08601641558386","0.8817171237348226","0.9927708985143142"
,"257","71.63144680644439","48.46846999882249","0.5964321101286812","257","113.83728451929187","7.154518208615758","0.940867744365251","257","121.10047461855522","0.867258920763451","0.9928894397264185"
,"258","71.67180359543153","48.42811320983537","0.5967681369142165","258","113.89641677492662","7.095385952981009","0.9413564738022999","258","121.11469573910239","0.8530378002162881","0.9930060371258658"
,"259","71.7121267817401","48.38779002352678","0.5971038839103944","259","113.95506030112432","7.0367424267833085","0.9418411638794416","259","121.12868366485066","0.8390498744680196","0.9931207225868673"
,"260","71.75241639334907","48.34750041191783","0.5974393513501786","260","114.01321913724487","6.97858359066275","0.9423218479820774","260","121.14244221967692","0.8252913196417543","0.9932335274609682"
,"261","71.79267245821404","48.30724434705284","0.5977745394663391","261","114.07089728926279","6.920905438644827","0.9427985592196779","261","121.15597516475499","0.8117583745636906","0.9933444825856176"
,"262","71.83289500426741","48.26702180099947","0.5981094484914518","262","114.12809873004312","6.863703997864506","0.9432713304280627","262","121.16928619958375","0.7984473397349257","0.9934536182925993"
,"263","71.87308405941826","48.22683274584862","0.5984440786578991","263","114.18482739961506","6.806975328292569","0.9437401941716628","263","121.18237896299856","0.7853545763201242","0.9935609644163228"
,"264","71.91323965155247","48.18667715371441","0.5987784301978698","264","114.24108720544339","6.7507155224642315","0.9442051827457636","264","121.1952570341659","0.7724765051527698","0.9936665503019801"
,"265","71.95336180853268","48.146554996734196","0.5991125033433597","265","114.29688202269763","6.694920705209995","0.9446663281787291","265","121.20792393356194","0.7598096057567301","0.9937704048135666"
,"266","71.99345055819835","48.10646624706853","0.5994462983261712","266","114.3522156945189","6.639587033388724","0.9451236622342081","266","121.22038312393481","0.7473504153838633","0.9938725563417726"
,"267","72.03350592836574","48.06641087690115","0.5997798153779134","267","114.4070920322847","6.584710695622932","0.9455772164133222","267","121.23263801125127","0.7350955280674085","0.9939730328117442"
,"268","72.07352794682794","48.026388858438935","0.6001130547300031","268","114.46151481587137","6.530287912036254","0.9460270219568354","268","121.24469194562778","0.7230415936908969","0.9940718616907167"
,"269","72.11351664135495","47.98640016391194","0.600446016613664","269","114.51548779391453","6.476314933993089","0.9464731098473064","269","121.25654822224635","0.7111853170723303","0.9941690699955241"
,"270","72.15347203969358","47.946444765573304","0.6007787012599275","270","114.56901468406723","6.422788043840396","0.9469155108112218","270","121.2682100822553","0.6995234570633786","0.9942646842999844"
,"271","72.19339416956758","47.9065226356993","0.6011111088996325","271","114.622099173256","6.369703554651617","0.9473542553211135","271","121.27968071365532","0.6880528256633474","0.9943587307421635"
,"272","72.23328305867763","47.866633746589265","0.6014432397634257","272","114.67474491793489","6.317057809972731","0.9477893735976574","272","121.290963252171","0.6767702871476744","0.9944512350315217"
,"273","72.27313873470128","47.8267780705656","0.6017750940817621","273","114.72695554433724","6.264847183570389","0.948220895611754","273","121.30206078210796","0.6656727572107177","0.9945422224559406"
,"274","72.31296122529311","47.786955579973785","0.6021066720849042","274","114.77873464872549","6.213068079182142","0.9486488510865948","274","121.31297633719608","0.6547572021225989","0.9946317178886371"
,"275","72.35275055808461","47.74716624718227","0.6024379740029232","275","114.83008579763889","6.161716930268737","0.9490732694997073","275","121.3237129014188","0.6440206378998732","0.9947197457949626"
,"276","72.39250676068433","47.707410044582566","0.6027690000656987","276","114.88101252813918","6.110790199768444","0.9494941800849873","276","121.33427340982888","0.6334601294897984","0.9948063302390907"
,"277","72.43222986067775","47.66768694458913","0.6030997505029188","277","114.9315183480542","6.060284379853432","0.9499116118347116","277","121.3446607493507","0.6230727899679798","0.9948914948905965"
,"278","72.47191988562746","47.62799691963942","0.6034302255440802","278","114.98160673621949","6.010195991688144","0.9503255935015352","278","121.3548777595695","0.6128557797491727","0.9949752630309261"
,"279","72.51157686307306","47.588339942193834","0.6037604254184888","279","115.03128114271796","5.960521585189679","0.9507361536004716","279","121.36492723350766","0.6028063058110249","0.9950576575597618"
,"280","72.55120082053121","47.54871598473567","0.6040903503552597","280","115.08054498911748","5.911257738790151","0.9511433204108573","280","121.37481191838812","0.5929216209305486","0.9951387010012823"
,"281","72.59079178549568","47.509125019771204","0.6044200005833166","281","115.12940166870662","5.862401059201008","0.9515471219782992","281","121.38453451638556","0.5831990229331133","0.9952184155103193"
,"282","72.63034978543735","47.46956701982953","0.6047493763313931","282","115.17785454672831","5.813948181179307","0.9519475861166066","282","121.39409768536493","0.5736358539537519","0.9952968228784146"
,"283","72.66987484780421","47.43004195746268","0.6050784778280324","283","115.22590696061171","5.7658957672959135","0.9523447404097074","283","121.4035040396081","0.5642294997105811","0.9953739445397771"
,"284","72.7093670000214","47.39054980524548","0.605407305301587","284","115.273562220202","5.71824050770562","0.9527386122135474","284","121.41275615052854","0.5549773887901354","0.9954498015771424"
,"285","72.74882626949125","47.35109053577564","0.6057358589802195","285","115.32082360798846","5.670979119919168","0.9531292286579749","285","121.42185654737426","0.5458769919444201","0.9955244147275357"
,"286","72.78825268359323","47.31166412167366","0.6060641390919028","286","115.36769437933049","5.624108348577143","0.9535166166486095","286","121.43080771791918","0.5369258213994915","0.9955978043879417"
,"287","72.82764626968404","47.27227053558285","0.6063921458644195","287","115.41417776268187","5.577624965225752","0.9539008028686953","287","121.4396121091433","0.5281214301753748","0.995669990620879"
,"288","72.86700705509759","47.23290975016929","0.6067198795253625","288","115.46027695981317","5.531525768094447","0.9542818137809385","288","121.44827212790155","0.5194614114171329","0.9957409931598863"
,"289","72.90633506714505","47.19358173812183","0.6070473403021359","289","115.50599514603225","5.4858075818753855","0.9546596756293305","289","121.45679014158178","0.5109433977369054","0.9958108314149152"
,"290","72.94563033311485","47.154286472152044","0.6073745284219536","290","115.55133547040292","5.440467257504716","0.9550344144409558","290","121.46516847875193","0.5025650605667359","0.995879524477638"
,"291","72.98489288027264","47.11502392499423","0.607701444111841","291","115.59630105596196","5.395501671945672","0.9554060560277845","291","121.47340942979666","0.49432410952201183","0.9959470911266655"
,"292","73.02412273586145","47.07579406940542","0.6080280875986339","292","115.64089499993418","5.350907727973456","0.9557746259884495","292","121.48151524754333","0.48621829177534276","0.996013549832681"
,"293","73.0633199271016","47.036596878165284","0.6083544591089798","293","115.68512037394572","5.3066823539619055","0.956140149710011","293","121.48948814787796","0.4782453914407047","0.9960789187634898"
,"294","73.1024844811907","46.99743232407618","0.6086805588693368","294","115.72898022423571","5.2628225036719165","0.9565026523697047","294","121.49733031035099","0.4704032289676842","0.9961432157889853"
,"295","73.14161642530377","46.95830037996311","0.6090063871059751","295","115.772477571866","5.219325156041621","0.9568621589366753","295","121.50504387877302","0.46268966054565497","0.9962064584860348"
,"296","73.18071578659317","46.91920101867371","0.6093319440449761","296","115.81561541292933","5.176187314978296","0.9572186941736973","296","121.51263096180095","0.4551025775177246","0.9962686641432834"
,"297","73.21978259218868","46.880134213078215","0.6096572299122331","297","115.85839671875563","5.133406009151994","0.9575722826388805","297","121.52009363351439","0.44763990580429136","0.996329849765881"
,"298","73.25881686919745","46.84109993606943","0.6099822449334515","298","115.90082443611675","5.090978291790874","0.9579229486873609","298","121.52743393398262","0.44029960533605333","0.9963900320801312"
,"299","73.29781864470411","46.802098160562785","0.6103069893341482","299","115.94290148742938","5.0489012404782345","0.9582707164729791","299","121.53465386982236","0.4330796694963157","0.9964492275380626"
,"300","73.33678794577068","46.76312885949619","0.6106314633396529","300","115.98463077095641","5.007171956951214","0.9586156099499435","300","121.54175541474623","0.42597812457244105","0.9965074523219281"
,"301","73.37572479943672","46.72419200583016","0.6109556671751074","301","116.02601516100647","4.965787566901158","0.9589576528744805","301","121.54874051010238","0.4189930292162972","0.9965647223486266"
,"302","73.41462923271921","46.68528757254767","0.6112796010654662","302","116.06705750813198","4.924745219775638","0.9592968688064707","302","121.55561106540513","0.41212247391355034","0.9966210532740555"
,"303","73.45350127261267","46.646415532654224","0.6116032652354961","303","116.1077606393255","4.884042088582109","0.9596332811110718","303","121.56236895885701","0.4053645804616613","0.9966764604973906"
,"304","73.49234094608912","46.607575859177764","0.6119266599097776","304","116.14812735821444","4.843675369693181","0.9599669129603277","304","121.56901603786223","0.39871750145644247","0.9967309591652951"
,"305","73.53114828009814","46.56876852516874","0.612249785312703","305","116.18816044525411","4.803642282653509","0.9602977873347653","305","121.57555411953165","0.39217941978703263","0.9967845641760605"
,"306","73.56992330156687","46.52999350370002","0.6125726416684788","306","116.22786265791935","4.763940069988274","0.9606259270249765","306","121.58198499117952","0.38574854813915366","0.9968372901836796"
,"307","73.60866603740001","46.49125076786686","0.6128952292011244","307","116.26723673089437","4.72456599701325","0.9609513546331888","307","121.58831041081217","0.3794231285065129","0.9968891516018521"
,"308","73.6473765144799","46.45254029078698","0.6132175481344727","308","116.30628537626119","4.685517351646439","0.9612740925748212","308","121.59453210760846","0.3732014317102171","0.9969401626079253"
,"309","73.68605475966646","46.413862045600425","0.6135395986921701","309","116.34501128368636","4.64679144422126","0.9615941630800294","309","121.60065178239262","0.36708175692606765","0.996990337146769"
,"310","73.72470079979725","46.37521600546964","0.6138613810976771","310","116.38341712060632","4.608385607301289","0.9619115881952363","310","121.60667110809906","0.3610624312196056","0.9970396889345885"
,"311","73.76331466168747","46.336602143579405","0.6141828955742678","311","116.4215055324111","4.570297195496526","0.9622263897846498","311","121.6125917302299","0.35514180908878257","0.9970882314626738"
,"312","73.80189637213006","46.298020433136834","0.6145041423450306","312","116.45927914262646","4.532523585281176","0.9625385895317706","312","121.61841526730456","0.34931827201413007","0.9971359780010873"
,"313","73.84044595789554","46.25947084737133","0.6148251216328681","313","116.49674055309468","4.495062174812946","0.9628482089408845","313","121.62414331130238","0.3435902280163047","0.9971829416022924"
,"314","73.87896344573225","46.220953359534626","0.6151458336604972","314","116.5338923441538","4.4579103837538305","0.9631552693385436","314","121.62977742809778","0.33795611122088937","0.9972291351047206"
,"315","73.91744886236621","46.18246794290068","0.6154662786504496","315","116.57073707481526","4.421065653092374","0.9634597918750357","315","121.63531915788835","0.33241438143033053","0.997274571136282"
,"316","73.95590223450115","46.14401457076572","0.6157864568250715","316","116.60727728294022","4.3845254449674105","0.9637617975258411","316","121.64077001561579","0.32696352370289455","0.9973192621178166"
,"317","73.99432358881865","46.10559321644823","0.6161063684065241","317","116.64351548541437","4.348287242493251","0.9640613070930772","317","121.64613149138015","0.3216020479385278","0.9973632202664908"
,"318","74.032712951978","46.06720385328888","0.6164260136167835","318","116.6794541783213","4.3123485495863285","0.9643583412069315","318","121.65140505084717","0.3163284884715094","0.9974064575991359"
,"319","74.07107035061632","46.02884645465056","0.6167453926776408","319","116.71509583711436","4.27670689079326","0.9646529203270825","319","121.65659213564889","0.31114140366978127","0.9974489859355345"
,"320","74.10939581134856","45.990520993918324","0.617064505810703","320","116.75044291678728","4.2413598111203425","0.9649450647441089","320","121.66169416377782","0.3060393755408503","0.9974908169016505"
,"321","74.14768936076749","45.95222744449939","0.6173833532373921","321","116.78549785204316","4.2063048758644515","0.9652347945808875","321","121.66671252997453","0.3010210093441514","0.9975319619328081"
,"322","74.18595102544376","45.91396577982314","0.6177019351789458","322","116.82026305746228","4.171539670445339","0.9655221297939787","322","121.6716486061089","0.29608493320976764","0.9975724322768176"
,"323","74.22418083192585","45.87573597334102","0.6180202518564177","323","116.8547409276683","4.137061800239318","0.9658070901750018","323","121.67650374155527","0.2912297977634028","0.9976122389970498"
,"324","74.26237880674022","45.83753799852667","0.6183383034906773","324","116.8889338374933","4.102868890414319","0.966089695351998","324","121.68127926356117","0.2864542757575024","0.9976513929754613"
,"325","74.30054497639115","45.799371828875735","0.6186560903024103","325","116.92284414214132","4.0689585857663175","0.9663699647907817","325","121.68597647761024","0.28175706170842507","0.9976899049155686"
,"326","74.33867936736091","45.761237437905976","0.6189736125121184","326","116.95647417735053","4.035328550557099","0.9666479177962829","326","121.6905966677791","0.2771368715395623","0.9977277853453739"
,"327","74.37678200610969","45.72313479915719","0.6192908703401198","327","116.98982625955425","4.001976468353382","0.966923573513875","327","121.69514109708835","0.27259244223031015","0.9977650446202443"
,"328","74.41485291907568","45.6850638861912","0.6196078640065492","328","117.02290268604037","3.968900041867257","0.9671969509306947","328","121.69961100784786","0.26812253147079873","0.9978016929257412"
,"329","74.45289213267503","45.647024672591854","0.6199245937313586","329","117.05570573510967","3.9360969927979514","0.9674680688769499","329","121.70400762199638","0.26372591732228107","0.9978377402804057"
,"330","74.4908996733019","45.60901713196499","0.6202410597343158","330","117.08823766623271","3.903565061674901","0.9677369460272162","330","121.70833214143558","0.25940139788309247","0.997873196538497"
,"331","74.52887556732846","45.57104123793842","0.6205572622350065","331","117.12050072020551","3.8713020077021176","0.9680036009017232","331","121.71258574835859","0.25514779096008655","0.9979080713926866"
,"332","74.56681984110496","45.53309696416192","0.6208732014528331","332","117.15249711930379","3.8393056086038406","0.9682680518676305","332","121.71676960557322","0.25096393374545967","0.9979423743767072"
,"333","74.60473252095969","45.49518428430721","0.6211888776070155","333","117.18422906743615","3.807573660471471","0.968530317140293","333","121.72088485681981","0.24684868249887398","0.9979761148679597"
,"334","74.64261363319898","45.4573031720679","0.6215042909165912","334","117.21569875029586","3.776103977611764","0.9687904147845151","334","121.72493262708387","0.2428009122347934","0.9980093020900768"
,"335","74.68046320410733","45.41945360115957","0.6218194416004147","335","117.24690833551134","3.744894392396279","0.9690483627157951","335","121.72891402290372","0.23881951641494695","0.9980419451154435"
,"336","74.71828125994728","45.381635545319604","0.6221343298771592","336","117.27785997279555","3.7139427551120745","0.969304178701559","336","121.73283013267285","0.234903406645834","0.9980740528676783"
,"337","74.75606782695957","45.34384897830732","0.622448955965315","337","117.30855579409399","3.6832469338136336","0.9695578803623853","337","121.73668202693749","0.2310515123811905","0.9981056341240718"
,"338","74.79382293136302","45.30609387390385","0.622763320083191","338","117.3389979137316","3.6528048141760188","0.9698094851732176","338","121.74047075868934","0.22726278062933414","0.9981366975179868"
,"339","74.83154659935471","45.26837020591217","0.6230774224489142","339","117.36918842855839","3.6226142993492365","0.9700590104645688","339","121.74419736365337","0.2235361756653078","0.9981672515412181"
,"340","74.86923885710982","45.230677948157066","0.6233912632804296","340","117.39912941809382","3.5926733098138053","0.9703064734237146","340","121.74786286057093","0.21987067874774402","0.9981973045463138"
,"341","74.90689973078177","45.193017074485105","0.6237048427955014","341","117.4288229446701","3.5629797832375196","0.9705518910958776","341","121.75146825147831","0.21626528784037163","0.9982268647488587"
,"342","74.94452924650223","45.15538755876466","0.6240181612117119","342","117.45827105357422","3.533531674333397","0.9707952803854011","342","121.75501452198058","0.21271901733808904","0.9982559402297205"
,"343","74.98212743038106","45.11778937488583","0.6243312187464627","343","117.48747577318882","3.504326954718798","0.971036658056914","343","121.75850264152115","0.20923089779753012","0.9982845389372585"
,"344","75.0196943085064","45.08022249676048","0.624644015616974","344","117.51643911513192","3.475363612775712","0.9712760407364847","344","121.76193356364664","0.2057999756720472","0.9983126686894964"
,"345","75.05722990694471","45.04268689832218","0.6249565520402852","345","117.54516307439543","3.4466396535121966","0.9715134449127668","345","121.76530822626763","0.20242531305104003","0.9983403371762599"
,"346","75.09473425174068","45.005182553526204","0.6252688282332554","346","117.57364962948266","3.4181530984249635","0.9717488869381351","346","121.76862755191512","0.1991059874035599","0.9983675519612786"
,"347","75.13220736891735","44.96770943634953","0.6255808444125625","347","117.60190074254452","3.3899019853630987","0.9719823830298118","347","121.77189244799256","0.19584109132611704","0.9983943204842535"
,"348","75.1696492844761","44.93026752079079","0.6258926007947042","348","117.62991835951472","3.3618843683929107","0.9722139492709826","348","121.77510380702405","0.192629732294624","0.9984206500628913"
,"349","75.20706002439663","44.89285678087026","0.6262040975959984","349","117.65770441024374","3.3340983176638934","0.9724436016119061","349","121.77826250689827","0.18947103242040647","0.9984465478949044"
,"350","75.24443961463702","44.85547719062986","0.6265153350325822","350","117.68526080863182","3.3065419192757997","0.9726713558710112","350","121.78136941110847","0.18636412821021517","0.9984720210599787"
,"351","75.28178808113377","44.818128724133125","0.626826313320413","351","117.71258945276081","3.2792132751468106","0.9728972277359874","351","121.78442536898851","0.18330817033017247","0.998497076521709"
,"352","75.31910544980171","44.78081135546516","0.6271370326752688","352","117.73969222502483","3.252110502882798","0.973121232764865","352","121.78743121594508","0.1803023233735906","0.9985217211295029"
,"353","75.35639174653419","44.74352505873269","0.6274474933127473","353","117.76657099225996","3.225231735647663","0.9733433863870866","353","121.79038777368608","0.1773457656325964","0.9985459616204525"
,"354","75.39364699720292","44.70626980806397","0.6277576954482669","354","117.79322760587287","3.19857512203475","0.9735637039045706","354","121.79329585044518","0.1744376888735014","0.9985698046211766"
,"355","75.43087122765809","44.66904557760879","0.6280676392970668","355","117.8196639019683","3.1721388259393204","0.9737822004927641","355","121.79615624120282","0.17157729811585457","0.9985932566496324"
,"356","75.46806446372838","44.631852341538504","0.6283773250742068","356","117.84588170147555","3.145921026432085","0.9739988912016891","356","121.79896972790357","0.16876381141511926","0.9986163241168967"
,"357","75.50522673122096","44.59469007404592","0.6286867529945678","357","117.87188281027386","3.119919917633774","0.974213790956979","357","121.80173707966976","0.16599645964891271","0.9986390133289195"
,"358","75.54235805592151","44.55755874934538","0.6289959232728515","358","117.89766901931688","3.094133708590753","0.9744269145609064","358","121.80445905301193","0.16327448630675168","0.9986613304882466"
,"359","75.57945846359422","44.52045834167266","0.6293048361235813","359","117.92324210475597","3.0685606231516593","0.9746382766934022","359","121.80713639203543","0.1605971472832448","0.9986832816957161"
,"360","75.61652797998187","44.48338882528502","0.6296134917611014","360","117.94860382806257","3.0431988998450614","0.9748478919130682","360","121.80976982864401","0.15796371067467696","0.9987048729521258"
,"361","75.65356663080576","44.44635017446113","0.6299218903995779","361","117.9737559361495","3.0180467917581297","0.9750557746581786","361","121.81236008273974","0.15537345657892865","0.998726110159874"
,"362","75.69057444176579","44.40934236350109","0.6302300322529986","362","117.99870016149131","2.9931025664163085","0.9752619392476749","362","121.81490786242","0.15282567689867668","0.9987469991245725"
,"363","75.7275514385405","44.37236536672639","0.6305379175351729","363","118.02343822224364","2.9683645056639834","0.9754663998821524","363","121.81741386417086","0.1503196751478217","0.9987675455566339"
,"364","75.76449764678698","44.3354191584799","0.6308455464597323","364","118.04797182236149","2.9438309055461356","0.975669170644838","364","121.81987877305758","0.14785476626108957","0.998787755072833"
,"365","75.801413092141","44.298503713125875","0.6311529192401306","365","118.07230265171665","2.9195000761909737","0.9758702655025606","365","121.82230326291192","0.14543027640675563","0.9988076331978418"
,"366","75.83829780021699","44.261619005049894","0.6314600360896434","366","118.09643238621409","2.895370341693534","0.9760696983067126","366","121.82468799651623","0.1430455428024393","0.99882718536574"
,"367","75.87515179660802","44.224765008658856","0.6317668972213691","367","118.12036268790737","2.871440040000247","0.9762674827942047","367","121.82703362578475","0.1406999135339193","0.9988464169215002"
,"368","75.91197510688589","44.187941698380996","0.6320735028482287","368","118.14409520511316","2.8477075227944515","0.9764636325884116","368","121.82934079194175","0.13839274737691984","0.9988653331224498"
,"369","75.94876775660106","44.151149048665815","0.6323798531829656","369","118.16763157252475","2.8241711553828632","0.9766581612001104","369","121.83161012569686","0.1361234136218196","0.9988839391397075"
,"370","75.98552977128277","44.114387033984116","0.6326859484381465","370","118.19097341132465","2.800829316582974","0.9768510820284113","370","121.83384224741744","0.1338912919012346","0.9989022400595968"
,"371","76.02226117643896","44.07765562882793","0.6329917888261607","371","118.21412232929623","2.777680398611385","0.9770424083616808","371","121.83603776729825","0.13169577202042826","0.9989202408850373"
,"372","76.05896199755634","44.04095480771054","0.6332973745592206","372","118.23707992093456","2.754722806973066","0.9772321533784564","372","121.83819728552818","0.1295362537905028","0.9989379465369114"
,"373","76.09563226010042","44.00428454516646","0.6336027058493625","373","118.25984776755611","2.7319549603515223","0.9774203301483549","373","121.84032139245434","0.12741214686432553","0.9989553618554102"
,"374","76.13227198951549","43.967644815751406","0.6339077829084454","374","118.28242743740775","2.709375290499877","0.9776069516329725","374","121.84241066874353","0.12532287057514604","0.9989724916013566"
,"375","76.16888121122463","43.93103559404224","0.6342126059481527","375","118.30482048577477","2.6869822421328498","0.9777920306867773","375","121.84446568554081","0.12326785377785927","0.9989893404575061"
,"376","76.20545995062982","43.89445685463706","0.6345171751799906","376","118.32702845508798","2.6647742728196273","0.9779755800579953","376","121.8464870046258","0.12124653469287153","0.9990059130298278"
,"377","76.24200823311182","43.85790857215507","0.6348214908152899","377","118.34905287503","2.642749852877623","0.9781576123894874","377","121.84847517856615","0.1192583607525271","0.9990222138487629"
,"378","76.27852608403029","43.8213907212366","0.6351255530652055","378","118.3708952626405","2.6209074652671105","0.9783381402196218","378","121.85043075086863","0.11730278845005286","0.9990382473704635"
,"379","76.31501352872377","43.78490327654312","0.6354293621407158","379","118.3925571224209","2.5992456054867326","0.9785171759831363","379","121.8523542561277","0.11537928319097986","0.9990540179780107"
,"380","76.3514705925097","43.74844621275719","0.6357329182526242","380","118.41403994643775","2.5777627814698687","0.9786947320119953","380","121.85424622017167","0.11348731914700128","0.9990695299826129"
,"381","76.38789730068443","43.71201950458245","0.6360362216115583","381","118.43534521442575","2.556457513481864","0.9788708205362395","381","121.85610716020645","0.11162637911222702","0.999084787624784"
,"382","76.42429367852328","43.67562312674361","0.6363392724279702","382","118.45647439388952","2.535328334018104","0.9790454536848279","382","121.85793758495689","0.1097959543617951","0.9990997950755033"
,"383","76.46065975128047","43.6392570539864","0.6366420709121371","383","118.47742894020469","2.5143737877029317","0.9792186434864734","383","121.85973799480587","0.10799554451280167","0.9991145564373549"
,"384","76.49699554418926","43.60292126107762","0.6369446172741609","384","118.49821029671821","2.493592431189405","0.9793904018704712","384","121.86150888193116","0.10622465738751151","0.9991290757456498"
,"385","76.53330108246185","43.56661572280504","0.6372469117239683","385","118.51881989484775","2.4729828330598767","0.9795607406675207","385","121.86325073043986","0.10448280887881113","0.9991433569695289"
,"386","76.56957639128944","43.530340413977434","0.637548954471312","386","118.53925915418023","2.4525435737273975","0.9797296716105405","386","121.8649640165008","0.102769522817869","0.999157404013048"
,"387","76.60582149584232","43.494095309424566","0.6378507457257692","387","118.55952948256969","2.432273245337938","0.9798972063354758","387","121.86664920847471","0.10108433084396491","0.9991712207162448"
,"388","76.64203642126974","43.45788038399714","0.6381522856967431","388","118.57963227623421","2.4121704516734135","0.9800633563821012","388","121.86830676704223","0.09942677227645444","0.9991848108561893"
,"389","76.67822119270006","43.42169561256682","0.6384535745934622","389","118.5995689198521","2.3922338080555146","0.9802281331948142","389","121.86993714532984","0.09779639398883296","0.9991981781480157"
,"390","76.71437583524072","43.38554097002616","0.6387546126249812","390","118.6193407866573","2.3724619412503287","0.9803915481234241","390","121.87154078903382","0.09619275028486429","0.9992113262459381"
,"391","76.75050037397823","43.34941643128867","0.6390554000001804","391","118.63894923853388","2.3528534893737527","0.9805536124239345","391","121.87311813654193","0.09461540277674059","0.9992242587442502"
,"392","76.7865948339782","43.31332197128868","0.6393559369277664","392","118.65839562610995","2.333407101797687","0.9807143372593169","392","121.87466961905344","0.0930639202652411","0.9992369791783067"
,"393","76.82265924028543","43.27725756498146","0.6396562236162717","393","118.67768128885064","2.3141214390570037","0.9808737337002812","393","121.87619566069682","0.09153787862185447","0.9992494910254904"
,"394","76.85869361792379","43.24122318734308","0.6399562602740556","394","118.69680755515036","2.294995172757285","0.9810318127260375","394","121.87769667864585","0.09003686067283531","0.9992617977061629"
,"395","76.8946979918964","43.20521881337049","0.6402560471093035","395","118.71577574242431","2.2760269854833224","0.9811885852250523","395","121.87917308323351","0.08856045608516108","0.9992739025845995"
,"396","76.93067238718545","43.16924441808142","0.6405555843300279","396","118.73458715719926","2.2572155707083748","0.9813440619957989","396","121.88062527806431","0.08710826125436001","0.9992858089699086"
,"397","76.96661682875245","43.13329997651442","0.6408548721440676","397","118.75324309520346","2.2385596327041735","0.981498253747501","397","121.8820536601245","0.0856798791941772","0.9992975201169368"
,"398","77.00253134153805","43.097385463728834","0.6411539107590887","398","118.77174484145596","2.2200578864516745","0.98165117110087","398","121.88345861989063","0.0842749194280509","0.9993090392271585"
,"399","77.03841595046214","43.06150085480475","0.6414527003825841","399","118.79009367035508","2.201709057552544","0.9818028245888372","399","121.8848405414363","0.08289299788236794","0.9993203694495508"
,"400","77.07427068042388","43.02564612484301","0.6417512412218744","400","118.80829084576624","2.1835118821413815","0.981953224657279","400","121.8861998025372","0.08153373678146958","0.9993315138814547"
,"401","77.11009555630169","42.98982124896519","0.6420495334841072","401","118.82633762110898","2.1654651067986608","0.9821023816657359","401","121.8875367747743","0.08019676454437895","0.9993424755694216"
,"402","77.14589060295329","42.95402620231361","0.6423475773762577","402","118.84423523944324","2.1475674884643965","0.9822503058881273","402","121.88885182363545","0.07888171568322211","0.9993532575100463"
,"403","77.18165584521564","42.91826096005123","0.6426453731051287","403","118.8619849335551","2.129817794352524","0.982397007513458","403","121.89014530861536","0.07758823070331479","0.9993638626507862"
,"404","77.21739130790513","42.88252549736174","0.6429429208773509","404","118.87958792604165","2.112214801865982","0.9825424966465204","404","121.8914175833138","0.07631595600488726","0.9993742938907667"
,"405","77.2530970158174","42.846819789449476","0.6432402208993832","405","118.89704542939513","2.0947572985125023","0.9826867833085907","405","121.89266899553225","0.07506454378642069","0.9993845540815741"
,"406","77.28877299372748","42.81114381153942","0.6435372733775119","406","118.91435864608654","2.077444081821093","0.982829877438119","406","121.8938998873691","0.07383365194956899","0.9993946460280352"
,"407","77.32441926638971","42.77549753887716","0.6438340785178522","407","118.93152876864842","2.060273959259212","0.982971788891414","407","121.89511059531303","0.0726229440056394","0.9994045724889835"
,"408","77.36003585853793","42.73988094672895","0.6441306365263475","408","118.948556979757","2.043245748150626","0.9831125274433213","408","121.89630145033506","0.07143208898360642","0.999414336178014"
,"409","77.3956227948853","42.70429401038159","0.6444269476087695","409","118.96544445231368","2.0263582755939473","0.9832521027878978","409","121.89747277797903","0.07026076133963444","0.9994239397642247"
,"410","77.43118010012442","42.668736705142464","0.6447230119707189","410","118.98219234952577","2.009610378381845","0.9833905245390784","410","121.89862489845059","0.0691086408680839","0.9994333858729465"
,"411","77.46670779892735","42.633209006339534","0.6450188298176249","411","118.9988018249867","1.9930009029209232","0.9835278022313388","411","121.8997581267047","0.06797541261397683","0.9994426770864602"
,"412","77.5022059159456","42.5977108893213","0.6453144013547459","412","119.01527402275536","1.976528705152262","0.9836639453203522","412","121.90087277253178","0.06686076678689722","0.9994518159447036"
,"413","77.5376744758101","42.562242329456765","0.6456097267871693","413","119.031610077435","1.9601926504726142","0.9837989631836398","413","121.90196914064236","0.06576439867630435","0.9994608049459646"
,"414","77.5731135031314","42.526803302135484","0.6459048063198117","414","119.04781111425136","1.9439916136562538","0.9839328651212182","414","121.90304753075044","0.06468600856823355","0.9994696465475652"
,"415","77.60852302249943","42.49139378276747","0.6461996401574189","415","119.06387824913016","1.9279244787774723","0.9840656603562385","415","121.90410823765531","0.06362530166336389","0.9994783431665322"
,"416","77.64390305848367","42.4560137467832","0.6464942285045668","416","119.07981258877392","1.9119901391337109","0.9841973580356226","416","121.90515155132225","0.06258198799642826","0.9994868971802592"
,"417","77.67925363563322","42.420663169633656","0.6467885715656604","417","119.09561523073829","1.8961874971693333","0.9843279672306927","417","121.90617775696174","0.06155578235694657","0.9994953109271552"
,"418","77.71457477847666","42.38534202679023","0.6470826695449347","418","119.11128726350759","1.880515464400026","0.9844574969377966","418","121.90718713510742","0.06054640421125687","0.9995035867072849"
,"419","77.74986651152216","42.350050293744715","0.6473765226464545","419","119.12682976656981","1.8649729613378228","0.9845859560789265","419","121.90817996169285","0.05955357762582662","0.9995117267829969"
,"420","77.78512885925751","42.31478794600936","0.6476701310741151","420","119.14224381049088","1.8495589174167493","0.984713353502335","420","121.90915650812686","0.05857703119182041","0.9995197333795423"
,"421","77.8203618461501","42.27955495911677","0.6479634950316415","421","119.15753045698854","1.8342722709190842","0.9848396979831427","421","121.91011704136777","0.057616497950904906","0.999527608685683"
,"422","77.85556549664695","42.24435130861994","0.6482566147225894","422","119.17269075900539","1.819111968902227","0.9849649982239447","422","121.9110618239964","0.05667171532227092","0.9995353548542902"
,"423","77.89073983517468","42.209176970092194","0.6485494903503451","423","119.18772576078146","1.8040769671261718","0.9850892628554079","423","121.91199111428783","0.05574242503085136","0.9995429740029326"
,"424","77.92588488613966","42.17403191912723","0.6488421221181252","424","119.20263649792605","1.7891662299815796","0.9852125004368673","424","121.91290516628196","0.05482837303671658","0.9995504682144558"
,"425","77.96100067392784","42.138916131339045","0.6491345102289773","425","119.21742399748918","1.7743787304184468","0.9853347194569143","425","121.91380422985306","0.053929309465628135","0.9995578395375507"
,"426","77.99608722290495","42.10382958236194","0.64942665488578","426","119.23208927803226","1.759713449875361","0.9854559283339823","426","121.91468855077794","0.05304498854072964","0.9995650899873151"
,"427","78.03114455741637","42.06877224785052","0.6497185562912428","427","119.24663334969827","1.7451693782093434","0.985576135416926","427","121.91555837080331","0.05217516851535986","0.9995722215458029"
,"428","78.06617270178724","42.03374410347964","0.6500102146479065","428","119.26105721428135","1.7307455136262695","0.9856953489855965","428","121.9164139277117","0.05131961160696581","0.9995792361625673"
,"429","78.10117168032245","41.998745124944435","0.6503016301581434","429","119.27536186529575","1.716440862611866","0.9858135772514119","429","121.91725545538657","0.050478083932100445","0.9995861357551927"
,"430","78.13614151730664","41.963775287960246","0.650592803024157","430","119.28954828804434","1.702254439863278","0.9859308283579228","430","121.91808318387618","0.04965035544248594","0.9995929222098198"
,"431","78.17108223700423","41.92883456826266","0.6508837334479827","431","119.30361745968642","1.6881852682212006","0.9860471103813728","431","121.91889733945654","0.0488361998621254","0.9995995973816602"
,"432","78.20599386365943","41.89392294160746","0.6511744216314875","432","119.31757034930504","1.6742323786025735","0.9861624313312558","432","121.91969814469321","0.04803539462544567","0.9996061630955047"
,"433","78.24087642149628","41.859040383770605","0.6514648677763705","433","119.3314079179738","1.6603948099338295","0.9862767991508663","433","121.92048581850221","0.04724772081645492","0.9996126211462212"
,"434","78.27572993471864","41.82418687054824","0.6517550720841626","434","119.34513111882293","1.6466716090846958","0.9863902217178481","434","121.92126057620978","0.046472963108897335","0.9996189732992463"
,"435","78.31055442751023","41.78936237775666","0.6520450347562271","435","119.35874089710508","1.6330618308025437","0.9865027068447351","435","121.92202262961129","0.04571090970738992","0.9996252212910667"
,"436","78.3453499240346","41.75456688123228","0.6523347559937596","436","119.37223819026035","1.619564537647279","0.9866142622794914","436","121.92277218702915","0.04496135228952327","0.999631366829695"
,"437","78.38011644843522","41.719800356831655","0.6526242359977882","437","119.38562392798086","1.6061787999267703","0.9867248957060436","437","121.92350945336976","0.0442240859489132","0.9996374115951359"
,"438","78.41485402483545","41.68506278043144","0.6529134749691736","438","119.39889903227481","1.5929036956328138","0.9868346147448103","438","121.9242346301795","0.043498909139184944","0.999643357239846"
,"439","78.44956267733853","41.65035412792835","0.6532024731086091","439","119.41206441753","1.579738310377624","0.9869434269532275","439","121.92494791569979","0.04278562361887697","0.9996492053891852"
,"440","78.48424243002766","41.61567437523921","0.6534912306166211","440","119.42512099057677","1.5666817373308513","0.9870513398262684","440","121.92564950492142","0.04208403439724749","0.9996549576418612"
,"441","78.518893306966","41.58102349830087","0.6537797476935691","441","119.4380696507505","1.5537330771571196","0.9871583607969605","441","121.9263395896377","0.04139394968096991","0.9996606155703662"
,"442","78.55351533219665","41.54640147307023","0.6540680245396452","442","119.45091128995354","1.5408914379540801","0.987264497236897","442","121.92701835849698","0.040715180821702335","0.9996661807214071"
,"443","78.58810852974268","41.511808275524196","0.6543560613548758","443","119.46364679271666","1.5281559351909773","0.9873697564567446","443","121.92768599705416","0.04004754226451658","0.9996716546163285"
,"444","78.6226729236072","41.47724388165969","0.6546438583391198","444","119.47627703625992","1.5155256916477218","0.9874741457067475","444","121.9283426878215","0.03939085149717349","0.9996770387515279"
,"445","78.65720853777329","41.4427082674936","0.6549314156920701","445","119.48880289055316","1.5029998373544693","0.987577672177226","445","121.92898861031844","0.03874492900022928","0.9996823345988656"
,"446","78.69171539620407","41.408201409062805","0.6552187336132536","446","119.50122521837594","1.4905775095316953","0.9876803429990726","446","121.92962394112071","0.038109598197960386","0.9996875436060663"
,"447","78.72619352284275","41.37372328242413","0.6555058123020305","447","119.51354487537687","1.478257852530768","0.9877821652442426","447","121.93024885390858","0.03748468541009296","0.9996926671971156"
,"448","78.76064294161255","41.339273863654334","0.6557926519575954","448","119.52576271013262","1.4660400177750106","0.9878831459262416","448","121.93086351951435","0.036870019804324174","0.9996977067726487"
,"449","78.79506367641679","41.3048531288501","0.6560792527789769","449","119.53787956420638","1.4539231637012522","0.9879832920006085","449","121.93146810596905","0.03626543334962156","0.9997026637103333"
,"450","78.8294557511389","41.27046105412799","0.656365614965038","450","119.54989627220577","1.4419064557018606","0.988082610365394","450","121.93206277854839","0.035670760770288336","0.999707539365247"
,"451","78.86381918964238","41.236097615624494","0.6566517387144758","451","119.56181366184038","1.4299890660672545","0.9881811078616368","451","121.93264769981789","0.035085839500782416","0.9997123350702465"
,"452","78.89815401577094","41.201762789495945","0.6569376242258224","452","119.57363255397874","1.4181701739288912","0.9882787912738342","452","121.93322302967741","0.034510509641275396","0.9997170521363328"
,"453","78.93246025334835","41.16745655191853","0.6572232716974442","453","119.5853537627049","1.4064489652027254","0.9883756673304089","453","121.93378892540473","0.033944613913941005","0.9997216918530096"
,"454","78.96673792617861","41.13317887908828","0.6575086813275427","454","119.59697809537448","1.3948246325331344","0.988471742704174","454","121.9343455416987","0.03338799761996028","0.9997262554886355"
,"455","79.00098705804585","41.09892974722103","0.6577938533141543","455","119.60850635267032","1.3832963752373086","0.988567024012791","455","121.93489303072144","0.03284050859723122","0.9997307442907706"
,"456","79.03520767271444","41.064709132552444","0.6580787878551504","456","119.61993932865752","1.3718633992500995","0.988661517819226","456","121.93543154213991","0.032301997178772406","0.9997351594865181"
,,,,,"457","119.6312778108383","1.3605249170693254","0.9887552306322028","457","121.93596122316686","0.03177231615180868","0.9997395022828595"
,,,,,"458","119.64252258020609","1.3492801477015284","0.9888481689066502","458","121.93648221860114","0.031251320717527516","0.9997437738669838"
,,,,,"459","119.65367441129943","1.3381283166081785","0.9889403390441465","459","121.93699467086718","0.0307388684514951","0.9997479754066138"
,,,,,"460","119.6647340722553","1.327068655652325","0.989031747393361","460","121.93749872005395","0.030234819264722556","0.9997521080503232"
,,,,,"461","119.67570232486193","1.316100403045686","0.9891224002504914","461","121.9379945039533","0.02973903536536897","0.9997561729278525"
,,,,,"462","119.68657992461145","1.3052228032961775","0.9892123038596968","462","121.9384821580976","0.029251381221073847","0.9997601711504163"
,,,,,"463","119.69736762075175","1.2944351071558742","0.9893014644135284","463","121.93896181579677","0.02877172352190635","0.999764103811008"
,,,,,"464","119.70806615633822","1.2837365715694025","0.9893898880533557","464","121.93943360817475","0.028299931143922433","0.9997679719846988"
,,,,,"465","119.71867626828487","1.273126459622758","0.9894775808697898","465","121.93989766420536","0.027835875113319964","0.9997717767289301"
,,,,,"466","119.72919868741508","1.2626040404925478","0.9895645489031025","466","121.94035411074749","0.027379428571180246","0.9997755190838046"
,,,,,"467","119.73963413851197","1.2521685893956502","0.9896507981436429","467","121.94080307257988","0.026930466738789443","0.9997792000723691"
,,,,,"468","119.74998334036833","1.241819387539293","0.9897363345322496","468","121.94124467243515","0.02648886688352761","0.9997828207008947"
,,,,,"469","119.76024700583608","1.2315557220715427","0.98982116396066","469","121.94167903103336","0.026054508285317086","0.9997863819591523"
,,,,,"470","119.77042584187542","1.2213768860322027","0.9899052922719161","470","121.94210626711507","0.025627272203621536","0.999789884820682"
,,,,,"471","119.78052054960351","1.2112821783041188","0.9899887252607674","471","121.9425264974737","0.02520704184498554","0.9997933302430609"
,,,,,"472","119.79053182434274","1.201270903564886","0.990071468674069","472","121.94293983698758","0.024793702331107368","0.9997967191681633"
,,,,,"473","119.80046035566866","1.1913423722389551","0.9901535282111789","473","121.94334639865124","0.024387140667433947","0.9998000525224192"
,,,,,"474","119.8103068274575","1.1814959004501342","0.990234909524349","474","121.94374629360641","0.02398724571227236","0.999803331217067"
,,,,,"475","119.82007191793315","1.1717308099744832","0.9903156182191158","475","121.94413963117226","0.023593908146406366","0.999806556148403"
,,,,,"476","119.82975629971403","1.162046428193599","0.9903956598546856","476","121.94452651887546","0.023207020443212305","0.999809728198026"
,,,,,"477","119.83936063985935","1.1524420880482846","0.9904750399443178","477","121.94490706247942","0.022826476839264344","0.9998128482330787"
